,ds,trend,yhat_lower,yhat_upper,trend_lower,trend_upper,additive_terms,additive_terms_lower,additive_terms_upper,weekly,weekly_lower,weekly_upper,multiplicative_terms,multiplicative_terms_lower,multiplicative_terms_upper,yhat
0,2023-01-09,148.96098336876,125.83756731415896,181.67423646723526,148.96098336876,148.96098336876,4.858815854017003,4.858815854017003,4.858815854017003,4.858815854017003,4.858815854017003,4.858815854017003,0.0,0.0,0.0,153.819799222777
1,2023-01-10,149.36383913013645,128.21557267334973,185.6336415527843,149.36383913013645,149.36383913013645,6.95278955895647,6.95278955895647,6.95278955895647,6.95278955895647,6.95278955895647,6.95278955895647,0.0,0.0,0.0,156.31662868909294
2,2023-01-11,149.76669489151288,126.03588443342957,184.16259721404938,149.76669489151288,149.76669489151288,6.403556996553944,6.403556996553944,6.403556996553944,6.403556996553944,6.403556996553944,6.403556996553944,0.0,0.0,0.0,156.17025188806682
3,2023-01-12,150.16955065288934,128.61714346714638,182.11130270937193,150.16955065288934,150.16955065288934,5.389365609303483,5.389365609303483,5.389365609303483,5.389365609303483,5.389365609303483,5.389365609303483,0.0,0.0,0.0,155.55891626219284
4,2023-01-13,150.57240641426577,127.19046270699955,184.60991200443814,150.57240641426577,150.57240641426577,5.867530937206807,5.867530937206807,5.867530937206807,5.867530937206807,5.867530937206807,5.867530937206807,0.0,0.0,0.0,156.43993735147257
5,2023-01-17,152.18382945977152,130.1996951728536,187.63983429048147,152.18382945977152,152.18382945977152,6.952789558961345,6.952789558961345,6.952789558961345,6.952789558961345,6.952789558961345,6.952789558961345,0.0,0.0,0.0,159.13661901873286
6,2023-01-18,152.586685221148,130.76256781169434,186.69692224013716,152.586685221148,152.586685221148,6.403556996553851,6.403556996553851,6.403556996553851,6.403556996553851,6.403556996553851,6.403556996553851,0.0,0.0,0.0,158.99024221770185
7,2023-01-19,152.9895409825244,130.90847288580076,185.3637428335849,152.9895409825244,152.9895409825244,5.389365609303126,5.389365609303126,5.389365609303126,5.389365609303126,5.389365609303126,5.389365609303126,0.0,0.0,0.0,158.37890659182753
8,2023-01-20,153.39239674390086,130.88037165543028,185.8598310979901,153.39239674390086,153.39239674390086,5.867530937193728,5.867530937193728,5.867530937193728,5.867530937193728,5.867530937193728,5.867530937193728,0.0,0.0,0.0,159.25992768109458
9,2023-01-23,154.6009638738963,131.01698536975243,186.23687419588427,154.6009638738963,154.6009638738963,4.858815853983105,4.858815853983105,4.858815853983105,4.858815853983105,4.858815853983105,4.858815853983105,0.0,0.0,0.0,159.4597797278794
10,2023-01-24,155.00381958389477,131.86873918960282,190.00864827972788,155.00381958389477,155.00381958389477,6.952789558966219,6.952789558966219,6.952789558966219,6.952789558966219,6.952789558966219,6.952789558966219,0.0,0.0,0.0,161.956609142861
11,2023-01-25,155.40667529389324,135.48568435803867,191.15711374913803,155.40667529389324,155.40667529389324,6.403556996550709,6.403556996550709,6.403556996550709,6.403556996550709,6.403556996550709,6.403556996550709,0.0,0.0,0.0,161.81023229044396
12,2023-01-26,155.8095310038917,132.21044175614165,191.65449748301708,155.8095310038917,155.8095310038917,5.389365609307714,5.389365609307714,5.389365609307714,5.389365609307714,5.389365609307714,5.389365609307714,0.0,0.0,0.0,161.1988966131994
13,2023-01-27,156.21238671389017,132.04839673584812,191.00447114077645,156.21238671389017,156.21238671389017,5.867530937249648,5.867530937249648,5.867530937249648,5.867530937249648,5.867530937249648,5.867530937249648,0.0,0.0,0.0,162.07991765113982
14,2023-01-30,157.42095384388557,133.66101991940337,190.22127461187213,157.42095384388557,157.42095384388557,4.858815853982639,4.858815853982639,4.858815853982639,4.858815853982639,4.858815853982639,4.858815853982639,0.0,0.0,0.0,162.2797696978682
15,2023-01-31,157.82380955388405,136.23383874102007,195.51246195189722,157.82380955388405,157.82380955388405,6.952789558960652,6.952789558960652,6.952789558960652,6.952789558960652,6.952789558960652,6.952789558960652,0.0,0.0,0.0,164.7765991128447
16,2023-02-01,158.22666526388252,136.02422854762762,193.58050032896995,158.22666526388252,158.22666526388252,6.403556996554944,6.403556996554944,6.403556996554944,6.403556996554944,6.403556996554944,6.403556996554944,0.0,0.0,0.0,164.63022226043748
17,2023-02-02,158.62952090061913,135.58428483644258,191.91427612621135,158.62952090061913,158.62952090061913,5.3893656093123035,5.3893656093123035,5.3893656093123035,5.3893656093123035,5.3893656093123035,5.3893656093123035,0.0,0.0,0.0,164.01888650993143
18,2023-02-03,159.03237653735573,138.63996369322945,192.4965331343639,159.03237653735573,159.03237653735573,5.867530937224606,5.867530937224606,5.867530937224606,5.867530937224606,5.867530937224606,5.867530937224606,0.0,0.0,0.0,164.89990747458035
19,2023-02-06,160.24094344756554,136.14812393522632,193.99634532686673,160.24094344756554,160.24094344756554,4.858815853997939,4.858815853997939,4.858815853997939,4.858815853997939,4.858815853997939,4.858815853997939,0.0,0.0,0.0,165.0997593015635
20,2023-02-07,160.64379908430215,140.91732390877522,196.5026965211407,160.64379908430215,160.64379908430215,6.9527895589830955,6.9527895589830955,6.9527895589830955,6.9527895589830955,6.9527895589830955,6.9527895589830955,0.0,0.0,0.0,167.59658864328523
21,2023-02-08,161.04665472103875,137.70633733939698,194.5829413386193,161.04665472103875,161.04665472103875,6.403556996551804,6.403556996551804,6.403556996551804,6.403556996551804,6.403556996551804,6.403556996551804,0.0,0.0,0.0,167.45021171759055
22,2023-02-09,161.44951035777535,138.2605804657201,194.69343402586685,161.44951035777535,161.44951035777535,5.389365609316893,5.389365609316893,5.389365609316893,5.389365609316893,5.389365609316893,5.389365609316893,0.0,0.0,0.0,166.83887596709224
23,2023-02-10,161.85236599451196,138.6163296531676,195.5396663622835,161.85236599451196,161.85236599451196,5.867530937223491,5.867530937223491,5.867530937223491,5.867530937223491,5.867530937223491,5.867530937223491,0.0,0.0,0.0,167.71989693173543
24,2023-02-13,163.0609329047218,139.68429830964246,196.4798277813589,163.0609329047218,163.0609329047218,4.858815854013238,4.858815854013238,4.858815854013238,4.858815854013238,4.858815854013238,4.858815854013238,0.0,0.0,0.0,167.91974875873504
25,2023-02-14,163.45598440556867,144.08946521535646,199.58887205012118,163.45598440556867,163.45598440556867,6.9527895589566455,6.9527895589566455,6.9527895589566455,6.9527895589566455,6.9527895589566455,6.9527895589566455,0.0,0.0,0.0,170.40877396452532
26,2023-02-15,163.85103590641558,142.00134328450852,199.12921457094055,163.85103590641558,163.85103590641558,6.403556996554761,6.403556996554761,6.403556996554761,6.403556996554761,6.403556996554761,6.403556996554761,0.0,0.0,0.0,170.25459290297033
27,2023-02-16,164.24608740726248,140.11208092232332,197.3943946603113,164.24608740726248,164.24608740726248,5.3893656093165365,5.3893656093165365,5.3893656093165365,5.3893656093165365,5.3893656093165365,5.3893656093165365,0.0,0.0,0.0,169.63545301657902
28,2023-02-17,164.64113890810938,143.04540572017896,197.35392849688284,164.64113890810938,164.64113890810938,5.867530937210409,5.867530937210409,5.867530937210409,5.867530937210409,5.867530937210409,5.867530937210409,0.0,0.0,0.0,170.5086698453198
29,2023-02-21,166.22134491149694,145.7646792155701,204.5786814577891,166.22134491149694,166.22134491149694,6.95278955896152,6.95278955896152,6.95278955896152,6.95278955896152,6.95278955896152,6.95278955896152,0.0,0.0,0.0,173.17413447045845
30,2023-02-22,166.61639641234387,144.25245328150226,200.61307204973895,166.61639641234387,166.61639641234387,6.403556996551622,6.403556996551622,6.403556996551622,6.403556996551622,6.403556996551622,6.403556996551622,0.0,0.0,0.0,173.0199534088955
31,2023-02-23,167.01144791319078,143.28969331975654,200.31379843805993,167.01144791319078,167.01144791319078,5.389365609302053,5.389365609302053,5.389365609302053,5.389365609302053,5.389365609302053,5.389365609302053,0.0,0.0,0.0,172.40081352249283
32,2023-02-24,167.40649941403765,143.8925512079831,199.53417108103483,167.40649941403765,167.40649941403765,5.867530937254369,5.867530937254369,5.867530937254369,5.867530937254369,5.867530937254369,5.867530937254369,0.0,0.0,0.0,173.27403035129203
33,2023-02-27,168.58952288357762,144.30142595435356,201.75786557104254,168.58952288357762,168.58952288357762,4.858815854028073,4.858815854028073,4.858815854028073,4.858815854028073,4.858815854028073,4.858815854028073,0.0,0.0,0.0,173.4483387376057
34,2023-02-28,168.98386404009094,149.2845923596625,204.21262823970974,168.98386404009094,168.98386404009094,6.95278955897352,6.95278955897352,6.95278955897352,6.95278955897352,6.95278955897352,6.95278955897352,0.0,0.0,0.0,175.93665359906444
35,2023-03-01,169.37820519660426,148.22514637072842,204.4026195444379,169.37820519660426,169.37820519660426,6.403556996548478,6.403556996548478,6.403556996548478,6.403556996548478,6.403556996548478,6.403556996548478,0.0,0.0,0.0,175.78176219315273
36,2023-03-02,169.77254635311758,146.41640805086985,204.02463336160145,169.77254635311758,169.77254635311758,5.389365609301696,5.389365609301696,5.389365609301696,5.389365609301696,5.389365609301696,5.389365609301696,0.0,0.0,0.0,175.16191196241928
37,2023-03-03,170.1668875096309,147.1141584652601,205.5035323141764,170.1668875096309,170.1668875096309,5.8675309372412885,5.8675309372412885,5.8675309372412885,5.8675309372412885,5.8675309372412885,5.8675309372412885,0.0,0.0,0.0,176.0344184468722
38,2023-03-06,171.34991097917086,148.45663146529523,203.2939787509036,171.34991097917086,171.34991097917086,4.858815853978874,4.858815853978874,4.858815853978874,4.858815853978874,4.858815853978874,4.858815853978874,0.0,0.0,0.0,176.20872683314974
39,2023-03-07,171.74425213568418,150.80802202195468,208.2704539111002,171.74425213568418,171.74425213568418,6.952789558978395,6.952789558978395,6.952789558978395,6.952789558978395,6.952789558978395,6.952789558978395,0.0,0.0,0.0,178.69704169466257
40,2023-03-08,172.13859329219747,149.74196863900664,206.5913056470686,172.13859329219747,172.13859329219747,6.403556996551437,6.403556996551437,6.403556996551437,6.403556996551437,6.403556996551437,6.403556996551437,0.0,0.0,0.0,178.5421502887489
41,2023-03-09,172.53293443333504,149.05448546740723,206.7091402997442,172.53293443333504,172.53293443333504,5.38936560931123,5.38936560931123,5.38936560931123,5.38936560931123,5.38936560931123,5.38936560931123,0.0,0.0,0.0,177.92230004264627
42,2023-03-10,172.92727557447265,151.79963505182695,206.2247447841663,172.92727557447265,172.92727557447265,5.867530937228209,5.867530937228209,5.867530937228209,5.867530937228209,5.867530937228209,5.867530937228209,0.0,0.0,0.0,178.79480651170084
43,2023-03-13,174.1102989978854,150.18481353897943,208.01622688809832,174.1102989978854,174.1102989978854,4.858815853994174,4.858815853994174,4.858815853994174,4.858815853994174,4.858815853994174,4.858815853994174,0.0,0.0,0.0,178.96911485187957
44,2023-03-14,174.504640139023,154.24619957562362,212.00768685899774,174.504640139023,174.504640139023,6.95278955897283,6.95278955897283,6.95278955897283,6.95278955897283,6.95278955897283,6.95278955897283,0.0,0.0,0.0,181.45742969799582
45,2023-03-15,174.89898128016057,153.03446441993373,210.9418452896413,174.89898128016057,174.89898128016057,6.403556996548297,6.403556996548297,6.403556996548297,6.403556996548297,6.403556996548297,6.403556996548297,0.0,0.0,0.0,181.30253827670887
46,2023-03-16,175.29332242129817,150.31491460650057,210.4003981840066,175.29332242129817,175.29332242129817,5.3893656093108735,5.3893656093108735,5.3893656093108735,5.3893656093108735,5.3893656093108735,5.3893656093108735,0.0,0.0,0.0,180.68268803060906
47,2023-03-17,175.68766356243577,154.11936530285564,209.95975635256335,175.68766356243577,175.68766356243577,5.867530937215129,5.867530937215129,5.867530937215129,5.867530937215129,5.867530937215129,5.867530937215129,0.0,0.0,0.0,181.5551944996509
48,2023-03-20,176.87068698584852,151.29105832066168,211.2238537354219,176.87068698584852,176.87068698584852,4.858815854025238,4.858815854025238,4.858815854025238,4.858815854025238,4.858815854025238,4.858815854025238,0.0,0.0,0.0,181.72950283987376
49,2023-03-21,177.26502815681707,154.40895378496063,211.39983367317177,177.26502815681707,177.26502815681707,6.952789558967262,6.952789558967262,6.952789558967262,6.952789558967262,6.952789558967262,6.952789558967262,0.0,0.0,0.0,184.21781771578432
50,2023-03-22,177.65936932778564,154.8602673396514,213.04738301249864,177.65936932778564,177.65936932778564,6.403556996552532,6.403556996552532,6.403556996552532,6.403556996552532,6.403556996552532,6.403556996552532,0.0,0.0,0.0,184.06292632433818
51,2023-03-23,178.05371049875419,154.66428056479353,210.12649210604775,178.05371049875419,178.05371049875419,5.389365609310517,5.389365609310517,5.389365609310517,5.389365609310517,5.389365609310517,5.389365609310517,0.0,0.0,0.0,183.4430761080647
52,2023-03-24,178.44805166972276,155.65580652767994,214.07897917816265,178.44805166972276,178.44805166972276,5.867530937214011,5.867530937214011,5.867530937214011,5.867530937214011,5.867530937214011,5.867530937214011,0.0,0.0,0.0,184.31558260693677
53,2023-03-27,179.63107518262845,154.6426826629842,212.0618092150646,179.63107518262845,179.63107518262845,4.858815853960277,4.858815853960277,4.858815853960277,4.858815853960277,4.858815853960277,4.858815853960277,0.0,0.0,0.0,184.48989103658872
54,2023-03-28,180.025416353597,161.50248837361084,215.0650598936912,180.025416353597,180.025416353597,6.952789558961694,6.952789558961694,6.952789558961694,6.952789558961694,6.952789558961694,6.952789558961694,0.0,0.0,0.0,186.97820591255868
55,2023-03-29,180.41975752456554,157.9150939144466,213.95819631005878,180.41975752456554,180.41975752456554,6.4035569965493915,6.4035569965493915,6.4035569965493915,6.4035569965493915,6.4035569965493915,6.4035569965493915,0.0,0.0,0.0,186.82331452111492
56,2023-03-30,180.8140986955341,157.70075150118262,213.8281443607792,180.8140986955341,180.8140986955341,5.389365609300979,5.389365609300979,5.389365609300979,5.389365609300979,5.389365609300979,5.389365609300979,0.0,0.0,0.0,186.20346430483508
57,2023-03-31,181.2084398573051,157.8149888099018,215.8514643094237,181.2084398573051,181.2084398573051,5.86753093718897,5.86753093718897,5.86753093718897,5.86753093718897,5.86753093718897,5.86753093718897,0.0,0.0,0.0,187.07597079449408
58,2023-04-03,182.39146334261815,157.60789215123307,215.68819469871798,182.39146334261815,182.39146334261815,4.858815853975575,4.858815853975575,4.858815853975575,4.858815853975575,4.858815853975575,4.858815853975575,0.0,0.0,0.0,187.25027919659374
59,2023-04-04,182.78580450438918,160.35410989501915,217.3053806901866,182.78580450438918,182.78580450438918,6.952789558966569,6.952789558966569,6.952789558966569,6.952789558966569,6.952789558966569,6.952789558966569,0.0,0.0,0.0,189.73859406335575
60,2023-04-05,183.1801456661602,161.64247304936015,218.2410010573754,183.1801456661602,183.1801456661602,6.4035569965493,6.4035569965493,6.4035569965493,6.4035569965493,6.4035569965493,6.4035569965493,0.0,0.0,0.0,189.5837026627095
61,2023-04-06,183.57448682793117,160.32727692497312,217.28403841932658,183.57448682793117,183.57448682793117,5.389365609300621,5.389365609300621,5.389365609300621,5.389365609300621,5.389365609300621,5.389365609300621,0.0,0.0,0.0,188.9638524372318
62,2023-04-10,185.15185147501523,160.25314930454473,218.25544635644155,185.15185147501523,185.15185147501523,4.858815853975111,4.858815853975111,4.858815853975111,4.858815853975111,4.858815853975111,4.858815853975111,0.0,0.0,0.0,190.01066732899034
63,2023-04-11,185.54619263678623,163.389595764888,220.94664001016133,185.54619263678623,185.54619263678623,6.952789558950563,6.952789558950563,6.952789558950563,6.952789558950563,6.952789558950563,6.952789558950563,0.0,0.0,0.0,192.4989821957368
64,2023-04-12,185.94053379855725,164.61413673145148,220.2362352723084,185.94053379855725,185.94053379855725,6.4035569965492085,6.4035569965492085,6.4035569965492085,6.4035569965492085,6.4035569965492085,6.4035569965492085,0.0,0.0,0.0,192.34409079510647
65,2023-04-13,186.3348749618021,163.0925402401217,219.4843688774052,186.3348749618021,186.3348749618021,5.389365609310157,5.389365609310157,5.389365609310157,5.389365609310157,5.389365609310157,5.389365609310157,0.0,0.0,0.0,191.72424057111223
66,2023-04-14,186.72921612504695,164.88461245609162,223.10350278947536,186.72921612504695,186.72921612504695,5.867530937231811,5.867530937231811,5.867530937231811,5.867530937231811,5.867530937231811,5.867530937231811,0.0,0.0,0.0,192.59674706227875
67,2023-04-17,187.91223961478144,165.7053147774954,223.07495202689995,187.91223961478144,187.91223961478144,4.858815853974648,4.858815853974648,4.858815853974648,4.858815853974648,4.858815853974648,4.858815853974648,0.0,0.0,0.0,192.7710554687561
68,2023-04-18,188.30658077802627,166.1397201050157,223.67398292958333,188.30658077802627,188.30658077802627,6.952789558973004,6.952789558973004,6.952789558973004,6.952789558973004,6.952789558973004,6.952789558973004,0.0,0.0,0.0,195.25937033699927
69,2023-04-19,188.7009219412711,166.52638177304024,221.95052546484246,188.7009219412711,188.7009219412711,6.403556996549116,6.403556996549116,6.403556996549116,6.403556996549116,6.403556996549116,6.403556996549116,0.0,0.0,0.0,195.10447893782023
70,2023-04-20,189.09526310451596,163.19270503516447,224.38376494076715,189.09526310451596,189.09526310451596,5.389365609309799,5.389365609309799,5.389365609309799,5.389365609309799,5.389365609309799,5.389365609309799,0.0,0.0,0.0,194.48462871382577
71,2023-04-21,189.4896042677608,166.7322384266717,223.71165998409907,189.4896042677608,189.4896042677608,5.8675309372306925,5.8675309372306925,5.8675309372306925,5.8675309372306925,5.8675309372306925,5.8675309372306925,0.0,0.0,0.0,195.3571352049915
72,2023-04-24,190.67262775749526,168.9658627930521,225.72274031002533,190.67262775749526,190.67262775749526,4.8588158540057105,4.8588158540057105,4.8588158540057105,4.8588158540057105,4.8588158540057105,4.8588158540057105,0.0,0.0,0.0,195.53144361150098
73,2023-04-25,191.18673370930088,171.4234497168242,227.7636343943374,191.18673370930088,191.18673370930088,6.952789558967437,6.952789558967437,6.952789558967437,6.952789558967437,6.952789558967437,6.952789558967437,0.0,0.0,0.0,198.1395232682683
74,2023-04-26,191.7008396611065,171.96434820286268,227.30233964268038,191.7008396611065,191.7008396611065,6.403556996553353,6.403556996553353,6.403556996553353,6.403556996553353,6.403556996553353,6.403556996553353,0.0,0.0,0.0,198.10439665765986
75,2023-04-27,192.21494561291215,168.48707009435049,225.9649182242446,192.21494561291215,192.21494561291215,5.389365609314388,5.389365609314388,5.389365609314388,5.389365609314388,5.389365609314388,5.389365609314388,0.0,0.0,0.0,197.60431122222653
76,2023-04-28,192.7290515647178,170.7429789705476,227.41946233350035,192.7290515647178,192.7290515647178,5.867530937229574,5.867530937229574,5.867530937229574,5.867530937229574,5.867530937229574,5.867530937229574,0.0,0.0,0.0,198.59658250194735
77,2023-05-01,194.27136942013465,172.52183058497397,228.46445073074358,194.27136942013465,194.27136942013465,4.858815854005246,4.858815854005246,4.858815854005246,4.858815854005246,4.858815854005246,4.858815854005246,0.0,0.0,0.0,199.1301852741399
78,2023-05-02,194.78547537194027,175.09061204594735,230.41957434971687,194.78547537194027,194.78547537194027,6.952789558972313,6.952789558972313,6.952789558972313,6.952789558972313,6.952789558972313,6.952789558972313,0.0,0.0,0.0,201.73826493091258
79,2023-05-03,195.29958132374588,173.613045582502,230.7991661934893,195.29958132374588,195.29958132374588,6.403556996553261,6.403556996553261,6.403556996553261,6.403556996553261,6.403556996553261,6.403556996553261,0.0,0.0,0.0,201.70313832029913
80,2023-05-04,195.81368727555153,172.77018926151956,230.28282221874233,195.81368727555153,195.81368727555153,5.3893656092999045,5.3893656092999045,5.3893656092999045,5.3893656092999045,5.3893656092999045,5.3893656092999045,0.0,0.0,0.0,201.20305288485145
81,2023-05-05,196.4782010757217,173.6829153029134,232.56207511405975,196.4782010757217,196.4782010757217,5.867530937204532,5.867530937204532,5.867530937204532,5.867530937204532,5.867530937204532,5.867530937204532,0.0,0.0,0.0,202.34573201292622
82,2023-05-08,198.47174247623218,175.29597913639353,231.92840291301493,198.47174247623218,198.47174247623218,4.858815854020544,4.858815854020544,4.858815854020544,4.858815854020544,4.858815854020544,4.858815854020544,0.0,0.0,0.0,203.33055833025273
83,2023-05-09,199.13625627640232,177.78230340624268,235.5775216751849,199.13625627640232,199.13625627640232,6.952789558977187,6.952789558977187,6.952789558977187,6.952789558977187,6.952789558977187,6.952789558977187,0.0,0.0,0.0,206.08904583537952
84,2023-05-10,199.8007700765725,180.9408108611555,234.60404970077877,199.8007700765725,199.8007700765725,6.403556996550121,6.403556996550121,6.403556996550121,6.403556996550121,6.403556996550121,6.403556996550121,0.0,0.0,0.0,206.2043270731226
85,2023-05-11,200.46528387674266,177.39321327819644,234.54973109243727,200.46528387674266,200.46528387674266,5.389365609304492,5.389365609304492,5.389365609304492,5.389365609304492,5.389365609304492,5.389365609304492,0.0,0.0,0.0,205.85464948604715
86,2023-05-12,201.12979767691286,179.50576146912357,235.49509815224422,201.12979767691286,201.12979767691286,5.867530937203416,5.867530937203416,5.867530937203416,5.867530937203416,5.867530937203416,5.867530937203416,0.0,0.0,0.0,206.99732861411627
87,2023-05-15,203.12333907742337,178.59596035150497,236.5303660459681,203.12333907742337,203.12333907742337,4.858815853971348,4.858815853971348,4.858815853971348,4.858815853971348,4.858815853971348,4.858815853971348,0.0,0.0,0.0,207.98215493139472
88,2023-05-16,203.78785287759354,183.2174049379769,239.75557072667524,203.78785287759354,203.78785287759354,6.95278955896118,6.95278955896118,6.95278955896118,6.95278955896118,6.95278955896118,6.95278955896118,0.0,0.0,0.0,210.7406424365547
89,2023-05-17,204.4577618259738,181.3301836798134,241.0062096071317,204.4577618259738,204.4577618259738,6.403556996553077,6.403556996553077,6.403556996553077,6.403556996553077,6.403556996553077,6.403556996553077,0.0,0.0,0.0,210.86131882252687
90,2023-05-18,205.12767077435404,183.59922347937484,240.77823063213987,205.12767077435404,205.12767077435404,5.389365609304136,5.389365609304136,5.389365609304136,5.389365609304136,5.389365609304136,5.389365609304136,0.0,0.0,0.0,210.5170363836582
91,2023-05-19,205.79757972273427,185.16805974034656,241.2201036225129,205.79757972273427,205.79757972273427,5.867530937190336,5.867530937190336,5.867530937190336,5.867530937190336,5.867530937190336,5.867530937190336,0.0,0.0,0.0,211.6651106599246
92,2023-05-22,207.80730656787503,184.01187145117336,241.69861292772876,207.80730656787503,207.80730656787503,4.858815853986647,4.858815853986647,4.858815853986647,4.858815853986647,4.858815853986647,4.858815853986647,0.0,0.0,0.0,212.66612242186167
93,2023-05-23,208.47721551625528,187.30390719514446,244.5806614860805,208.47721551625528,208.47721551625528,6.952789558966053,6.952789558966053,6.952789558966053,6.952789558966053,6.952789558966053,6.952789558966053,0.0,0.0,0.0,215.43000507522135
94,2023-05-24,209.14712446463554,187.5551463304561,244.0605077420313,209.14712446463554,209.14712446463554,6.403556996549937,6.403556996549937,6.403556996549937,6.403556996549937,6.403556996549937,6.403556996549937,0.0,0.0,0.0,215.55068146118546
95,2023-05-25,209.81703341301576,187.60392086682816,244.89972083309212,209.81703341301576,209.81703341301576,5.389365609308725,5.389365609308725,5.389365609308725,5.389365609308725,5.389365609308725,5.389365609308725,0.0,0.0,0.0,215.2063990223245
96,2023-05-26,210.48694236139602,188.4112046510969,244.64144326694932,210.48694236139602,210.48694236139602,5.867530937234295,5.867530937234295,5.867530937234295,5.867530937234295,5.867530937234295,5.867530937234295,0.0,0.0,0.0,216.35447329863032
97,2023-05-30,213.16657816339298,189.65829593780322,248.85389242622753,213.16657816339298,213.16657816339298,6.952789558967611,6.952789558967611,6.952789558967611,6.952789558967611,6.952789558967611,6.952789558967611,0.0,0.0,0.0,220.1193677223606
98,2023-05-31,213.83648711389222,190.85992762215437,248.06968559918963,213.83648711389222,213.83648711389222,6.403556996554172,6.403556996554172,6.403556996554172,6.403556996554172,6.403556996554172,6.403556996554172,0.0,0.0,0.0,220.24004411044638
99,2023-06-01,214.50639606439145,192.4162760178187,250.02518210631158,214.50639606439145,214.50639606439145,5.389365609308368,5.389365609308368,5.389365609308368,5.389365609308368,5.389365609308368,5.389365609308368,0.0,0.0,0.0,219.8957616736998
100,2023-06-02,215.17630501489066,192.43258970345408,248.42899493927638,215.17630501489066,215.17630501489066,5.867530937221215,5.867530937221215,5.867530937221215,5.867530937221215,5.867530937221215,5.867530937221215,0.0,0.0,0.0,221.04383595211186
101,2023-06-05,217.1860318663884,192.3548562415932,252.54340558342332,217.1860318663884,217.1860318663884,4.858815854001482,4.858815854001482,4.858815854001482,4.858815854001482,4.858815854001482,4.858815854001482,0.0,0.0,0.0,222.04484772038987
102,2023-06-06,217.85594081688762,195.70594491104185,253.99956590998127,217.85594081688762,217.85594081688762,6.952789558972488,6.952789558972488,6.952789558972488,6.952789558972488,6.952789558972488,6.952789558972488,0.0,0.0,0.0,224.8087303758601
103,2023-06-07,218.52584976738683,194.74733420026718,254.37780997935164,218.52584976738683,218.52584976738683,6.403556996554081,6.403556996554081,6.403556996554081,6.403556996554081,6.403556996554081,6.403556996554081,0.0,0.0,0.0,224.9294067639409
104,2023-06-08,219.19575871832836,195.54275391294024,253.37957230985907,219.19575871832836,219.19575871832836,5.389365609317902,5.389365609317902,5.389365609317902,5.389365609317902,5.389365609317902,5.389365609317902,0.0,0.0,0.0,224.58512432764627
105,2023-06-09,219.8656676692699,198.5100220575853,255.68955487558003,219.8656676692699,219.8656676692699,5.867530937208136,5.867530937208136,5.867530937208136,5.867530937208136,5.867530937208136,5.867530937208136,0.0,0.0,0.0,225.73319860647803
106,2023-06-12,221.87539452209452,199.65280316327397,254.2760159129693,221.87539452209452,221.87539452209452,4.8588158540010165,4.8588158540010165,4.8588158540010165,4.8588158540010165,4.8588158540010165,4.8588158540010165,0.0,0.0,0.0,226.73421037609555
107,2023-06-13,222.54530347303606,200.11826680981034,258.25515039362216,222.54530347303606,222.54530347303606,6.95278955896692,6.95278955896692,6.95278955896692,6.95278955896692,6.95278955896692,6.95278955896692,0.0,0.0,0.0,229.49809303200297
108,2023-06-14,223.2152124239776,201.2219258735893,258.6512348647571,223.2152124239776,223.2152124239776,6.40355699655399,6.40355699655399,6.40355699655399,6.40355699655399,6.40355699655399,6.40355699655399,0.0,0.0,0.0,229.61876942053158
109,2023-06-15,223.88512137491912,200.52786974830016,256.79736432562834,223.88512137491912,223.88512137491912,5.389365609317546,5.389365609317546,5.389365609317546,5.389365609317546,5.389365609317546,5.389365609317546,0.0,0.0,0.0,229.27448698423666
110,2023-06-16,224.55503032586066,200.70318633731455,258.5614283582665,224.55503032586066,224.55503032586066,5.867530937252095,5.867530937252095,5.867530937252095,5.867530937252095,5.867530937252095,5.867530937252095,0.0,0.0,0.0,230.42256126311275
111,2023-06-20,227.2346661296268,203.52014369402403,263.07352441214266,227.2346661296268,227.2346661296268,6.952789558961355,6.952789558961355,6.952789558961355,6.952789558961355,6.952789558961355,6.952789558961355,0.0,0.0,0.0,234.18745568858813
112,2023-06-21,227.9045748359488,203.00576011394259,262.91547201307515,227.9045748359488,227.9045748359488,6.403556996550849,6.403556996550849,6.403556996550849,6.403556996550849,6.403556996550849,6.403556996550849,0.0,0.0,0.0,234.30813183249967
113,2023-06-22,228.57448354227077,205.9031521481759,260.96873240283117,228.57448354227077,228.57448354227077,5.389365609303064,5.389365609303064,5.389365609303064,5.389365609303064,5.389365609303064,5.389365609303064,0.0,0.0,0.0,233.96384915157384
114,2023-06-23,229.2443922485928,205.11247169047792,263.49689381179,229.2443922485928,229.2443922485928,5.867530937250978,5.867530937250978,5.867530937250978,5.867530937250978,5.867530937250978,5.867530937250978,0.0,0.0,0.0,235.11192318584378
115,2023-06-26,231.2541183675587,207.22591229772104,264.0903594897384,231.2541183675587,231.2541183675587,4.858815853982884,4.858815853982884,4.858815853982884,4.858815853982884,4.858815853982884,4.858815853982884,0.0,0.0,0.0,236.1129342215416
116,2023-06-27,231.92402707388067,209.26438232854093,266.4351160378031,231.92402707388067,231.92402707388067,6.952789558973356,6.952789558973356,6.952789558973356,6.952789558973356,6.952789558973356,6.952789558973356,0.0,0.0,0.0,238.87681663285403
117,2023-06-28,232.59393578020266,209.29757574107484,268.51674958542424,232.59393578020266,232.59393578020266,6.403556996547707,6.403556996547707,6.403556996547707,6.403556996547707,6.403556996547707,6.403556996547707,0.0,0.0,0.0,238.99749277675036
118,2023-06-29,233.26384448652462,211.20565768826486,265.87129867944356,233.26384448652462,233.26384448652462,5.38936560930765,5.38936560930765,5.38936560930765,5.38936560930765,5.38936560930765,5.38936560930765,0.0,0.0,0.0,238.65321009583226
119,2023-06-30,233.93375319284664,211.26279606518295,268.38354054948337,233.93375319284664,233.93375319284664,5.867530937225935,5.867530937225935,5.867530937225935,5.867530937225935,5.867530937225935,5.867530937225935,0.0,0.0,0.0,239.80128413007256
120,2023-07-03,235.6277861580564,214.04541273000243,271.3401259979525,235.6277861580564,235.6277861580564,4.858815853998183,4.858815853998183,4.858815853998183,4.858815853998183,4.858815853998183,4.858815853998183,0.0,0.0,0.0,240.4866020120546
121,2023-07-05,236.75714146819632,215.04260125908098,271.75835326869844,236.75714146819632,236.75714146819632,6.403556996547617,6.403556996547617,6.403556996547617,6.403556996547617,6.403556996547617,6.403556996547617,0.0,0.0,0.0,243.16069846474394
122,2023-07-06,237.32181912326624,217.6945174963306,272.0430458539299,237.32181912326624,237.32181912326624,5.389365609312241,5.389365609312241,5.389365609312241,5.389365609312241,5.389365609312241,5.389365609312241,0.0,0.0,0.0,242.7111847325785
123,2023-07-07,237.88649677833618,214.13844893063802,272.2683620721124,237.88649677833618,237.88649677833618,5.867530937224818,5.867530937224818,5.867530937224818,5.867530937224818,5.867530937224818,5.867530937224818,0.0,0.0,0.0,243.754027715561
124,2023-07-10,239.58052974354598,216.89580901571446,271.2593878739906,239.58052974354598,239.58052974354598,4.858815853997719,4.858815853997719,4.858815853997719,4.858815853997719,4.858815853997719,4.858815853997719,0.0,0.0,0.0,244.4393455975437
125,2023-07-11,240.14520739861595,220.2855707588149,276.1552479892597,240.14520739861595,240.14520739861595,6.952789558962223,6.952789558962223,6.952789558962223,6.952789558962223,6.952789558962223,6.952789558962223,0.0,0.0,0.0,247.09799695757818
126,2023-07-12,240.70988505368587,218.5491211447649,271.86582781202173,240.70988505368587,240.70988505368587,6.403556996547526,6.403556996547526,6.403556996547526,6.403556996547526,6.403556996547526,6.403556996547526,0.0,0.0,0.0,247.1134420502334
127,2023-07-13,241.27456270875584,218.6969967810169,273.9560397276428,241.27456270875584,241.27456270875584,5.389365609297757,5.389365609297757,5.389365609297757,5.389365609297757,5.389365609297757,5.389365609297757,0.0,0.0,0.0,246.6639283180536
128,2023-07-14,241.56710373030668,218.5685909881156,277.0357987466058,241.56710373030668,241.56710373030668,5.867530937211737,5.867530937211737,5.867530937211737,5.867530937211737,5.867530937211737,5.867530937211737,0.0,0.0,0.0,247.43463466751842
129,2023-07-17,242.4447267949594,218.568837107808,276.0090000421138,242.4447267949594,242.4447267949594,4.858815854013018,4.858815854013018,4.858815854013018,4.858815854013018,4.858815854013018,4.858815854013018,0.0,0.0,0.0,247.3035426489724
130,2023-07-18,242.73726781651027,219.29866908529738,277.85573170792395,242.73726781651027,242.73726781651027,6.9527895589670985,6.9527895589670985,6.9527895589670985,6.9527895589670985,6.9527895589670985,6.9527895589670985,0.0,0.0,0.0,249.69005737547738
131,2023-07-19,243.02980883806117,220.48448797463845,278.1319261665383,243.02980883806117,243.02980883806117,6.403556996551761,6.403556996551761,6.403556996551761,6.403556996551761,6.403556996551761,6.403556996551761,0.0,0.0,0.0,249.43336583461294
132,2023-07-20,243.32234985961205,223.8645811624932,278.0133474881844,243.32234985961205,243.32234985961205,5.389365609302347,5.389365609302347,5.389365609302347,5.389365609302347,5.389365609302347,5.389365609302347,0.0,0.0,0.0,248.7117154689144
133,2023-07-21,243.61489088116292,221.80951594202517,277.91601243262915,243.61489088116292,243.61489088116292,5.86753093721062,5.86753093721062,5.86753093721062,5.86753093721062,5.86753093721062,5.86753093721062,0.0,0.0,0.0,249.48242181837355
134,2023-07-24,244.4925139458156,218.97706827240225,278.0023694791459,244.4925139458156,244.4925139458156,4.8588158539638195,4.8588158539638195,4.8588158539638195,4.8588158539638195,4.8588158539638195,4.8588158539638195,0.0,0.0,0.0,249.35132979977942
135,2023-07-25,244.78505496736648,224.45679166510152,281.5158668787252,244.78505496736648,244.78505496736648,6.95278955896153,6.95278955896153,6.95278955896153,6.95278955896153,6.95278955896153,6.95278955896153,0.0,0.0,0.0,251.73784452632802
136,2023-07-26,244.8318656430715,223.75079417853993,278.61684088846505,244.8318656430715,244.8318656430715,6.4035569965486205,6.4035569965486205,6.4035569965486205,6.4035569965486205,6.4035569965486205,6.4035569965486205,0.0,0.0,0.0,251.2354226396201
137,2023-07-27,244.87867631877648,221.93947752299545,279.71677674651323,244.87867631877648,244.87867631877648,5.389365609301989,5.389365609301989,5.389365609301989,5.389365609301989,5.389365609301989,5.389365609301989,0.0,0.0,0.0,250.26804192807847
138,2023-07-28,244.9254869944815,220.2105730573385,279.14559111076403,244.9254869944815,244.9254869944815,5.86753093719754,5.86753093719754,5.86753093719754,5.86753093719754,5.86753093719754,5.86753093719754,0.0,0.0,0.0,250.79301793167903
139,2023-07-31,245.06591902159653,219.91239377886387,278.9162854102091,245.06591902159653,245.06591902159653,4.858815853979118,4.858815853979118,4.858815853979118,4.858815853979118,4.858815853979118,4.858815853979118,0.0,0.0,0.0,249.92473487557564
140,2023-08-01,245.11272969730155,224.2338906650032,279.18625721799054,245.11272969730155,245.11272969730155,6.952789558966407,6.952789558966407,6.952789558966407,6.952789558966407,6.952789558966407,6.952789558966407,0.0,0.0,0.0,252.06551925626795
141,2023-08-02,245.15954037300654,223.55084154586393,279.840656385946,245.15954037300654,245.15954037300654,6.403556996551577,6.403556996551577,6.403556996551577,6.403556996551577,6.403556996551577,6.403556996551577,0.0,0.0,0.0,251.5630973695581
142,2023-08-03,245.20635104871153,221.48323398438447,279.73546043192493,245.20635104871153,245.20635104871153,5.3893656093115245,5.3893656093115245,5.3893656093115245,5.3893656093115245,5.3893656093115245,5.3893656093115245,0.0,0.0,0.0,250.59571665802304
143,2023-08-04,245.2531617244166,221.78197452414872,280.07076065129496,245.2531617244166,245.2531617244166,5.867530937241498,5.867530937241498,5.867530937241498,5.867530937241498,5.867530937241498,5.867530937241498,0.0,0.0,0.0,251.1206926616581
144,2023-08-07,244.98114471593695,222.32235953866882,279.71725801142367,244.98114471593695,244.98114471593695,4.858815853978655,4.858815853978655,4.858815853978655,4.858815853978655,4.858815853978655,4.858815853978655,0.0,0.0,0.0,249.8399605699156
145,2023-08-08,244.89047237977704,225.0683428073694,282.9614548450183,244.89047237977704,244.89047237977704,6.952789558960839,6.952789558960839,6.952789558960839,6.952789558960839,6.952789558960839,6.952789558960839,0.0,0.0,0.0,251.84326193873787
146,2023-08-09,244.79980004361718,223.88359667391492,278.7138708833642,244.79980004361718,244.79980004361718,6.403556996552762,6.403556996552762,6.403556996552762,6.403556996552762,6.403556996552762,6.403556996552762,0.0,0.0,0.0,251.20335704016995
147,2023-08-10,244.7091277074573,221.8560867049285,278.70162540273526,244.7091277074573,244.7091277074573,5.3893656093111675,5.3893656093111675,5.3893656093111675,5.3893656093111675,5.3893656093111675,5.3893656093111675,0.0,0.0,0.0,250.09849331676847
148,2023-08-11,244.6184553712974,221.33638193054034,280.7988584942709,244.6184553712974,244.6184553712974,5.86753093722842,5.86753093722842,5.86753093722842,5.86753093722842,5.86753093722842,5.86753093722842,0.0,0.0,0.0,250.4859863085258
149,2023-08-14,244.3464383628178,221.2658846782296,276.6032540652916,244.3464383628178,244.3464383628178,4.85881585400972,4.85881585400972,4.85881585400972,4.85881585400972,4.85881585400972,4.85881585400972,0.0,0.0,0.0,249.2052542168275
150,2023-08-15,244.25576602665788,221.66937951501495,280.0521105756789,244.25576602665788,244.25576602665788,6.952789558972841,6.952789558972841,6.952789558972841,6.952789558972841,6.952789558972841,6.952789558972841,0.0,0.0,0.0,251.20855558563073
151,2023-08-16,244.165093690498,221.35804666234588,279.41550022344126,244.165093690498,244.165093690498,6.4035569965557215,6.4035569965557215,6.4035569965557215,6.4035569965557215,6.4035569965557215,6.4035569965557215,0.0,0.0,0.0,250.56865068705372
152,2023-08-17,244.07442132892544,222.8731677853028,277.59308668330823,244.07442132892544,244.07442132892544,5.389365609310809,5.389365609310809,5.389365609310809,5.389365609310809,5.389365609310809,5.389365609310809,0.0,0.0,0.0,249.46378693823624
153,2023-08-18,243.9837489673529,222.40902062281563,278.6132781393513,243.9837489673529,243.9837489673529,5.8675309372273015,5.8675309372273015,5.8675309372273015,5.8675309372273015,5.8675309372273015,5.8675309372273015,0.0,0.0,0.0,249.85127990458022
154,2023-08-21,243.71173188263523,220.65977399264526,278.4655695768583,243.71173188263523,243.71173188263523,4.858815854009253,4.858815854009253,4.858815854009253,4.858815854009253,4.858815854009253,4.858815854009253,0.0,0.0,0.0,248.5705477366445
155,2023-08-22,243.6210595210627,222.19787514734148,279.4431501331844,243.6210595210627,243.6210595210627,6.952789558967274,6.952789558967274,6.952789558967274,6.952789558967274,6.952789558967274,6.952789558967274,0.0,0.0,0.0,250.57384908003
156,2023-08-23,243.53038715949015,222.0348111387577,279.67357266368276,243.53038715949015,243.53038715949015,6.403556996552581,6.403556996552581,6.403556996552581,6.403556996552581,6.403556996552581,6.403556996552581,0.0,0.0,0.0,249.93394415604274
157,2023-08-24,243.43971479791762,223.92857952019833,276.0449199311522,243.43971479791762,243.43971479791762,5.3893656093154005,5.3893656093154005,5.3893656093154005,5.3893656093154005,5.3893656093154005,5.3893656093154005,0.0,0.0,0.0,248.82908040723302
158,2023-08-25,243.34904243634503,221.71316052549525,276.01866621460147,243.34904243634503,243.34904243634503,5.867530937202261,5.867530937202261,5.867530937202261,5.867530937202261,5.867530937202261,5.867530937202261,0.0,0.0,0.0,249.2165733735473
159,2023-08-28,243.0770253516274,218.14414259508894,277.67804737174976,243.0770253516274,243.0770253516274,4.858815854008791,4.858815854008791,4.858815854008791,4.858815854008791,4.858815854008791,4.858815854008791,0.0,0.0,0.0,247.9358412056362
160,2023-08-29,242.98635298852238,221.41901843941804,278.57277209996454,242.98635298852238,242.98635298852238,6.952789558972149,6.952789558972149,6.952789558972149,6.952789558972149,6.952789558972149,6.952789558972149,0.0,0.0,0.0,249.93914254749453
161,2023-08-30,242.89568062541736,222.1569184310875,277.6297785529974,242.89568062541736,242.89568062541736,6.403556996552488,6.403556996552488,6.403556996552488,6.403556996552488,6.403556996552488,6.403556996552488,0.0,0.0,0.0,249.29923762196984
162,2023-08-31,242.80500826231236,217.8607890371105,278.0385186228001,242.80500826231236,242.80500826231236,5.38936560929597,5.38936560929597,5.38936560929597,5.38936560929597,5.38936560929597,5.38936560929597,0.0,0.0,0.0,248.19437387160832
163,2023-09-01,242.71433589920733,219.81208647287852,276.2074472032972,242.71433589920733,242.71433589920733,5.867530937201141,5.867530937201141,5.867530937201141,5.867530937201141,5.867530937201141,5.867530937201141,0.0,0.0,0.0,248.58186683640847
164,2023-09-05,242.35164644678724,221.29467212063398,275.03993121482716,242.35164644678724,242.35164644678724,6.9527895589737065,6.9527895589737065,6.9527895589737065,6.9527895589737065,6.9527895589737065,6.9527895589737065,0.0,0.0,0.0,249.30443600576095
165,2023-09-06,242.2609740836822,219.87192431979176,276.2815171088586,242.2609740836822,242.2609740836822,6.403556996552397,6.403556996552397,6.403556996552397,6.403556996552397,6.403556996552397,6.403556996552397,0.0,0.0,0.0,248.6645310802346
166,2023-09-07,242.1703017205772,218.25542458996222,274.83413317422134,242.1703017205772,242.1703017205772,5.389365609305505,5.389365609305505,5.389365609305505,5.389365609305505,5.389365609305505,5.389365609305505,0.0,0.0,0.0,247.55966732988273
167,2023-09-08,242.07962935747221,220.82100232105256,276.4916043029967,242.07962935747221,242.07962935747221,5.867530937200025,5.867530937200025,5.867530937200025,5.867530937200025,5.867530937200025,5.867530937200025,0.0,0.0,0.0,247.94716029467224
168,2023-09-11,241.80761218438118,217.99376751280857,274.8394628113771,241.80761218438118,241.80761218438118,4.8588158539591255,4.8588158539591255,4.8588158539591255,4.8588158539591255,4.8588158539591255,4.8588158539591255,0.0,0.0,0.0,246.6664280383403
169,2023-09-12,241.71693979335083,219.34252286355448,278.37177324125474,241.71693979335083,241.71693979335083,6.952789558978583,6.952789558978583,6.952789558978583,6.952789558978583,6.952789558978583,6.952789558978583,0.0,0.0,0.0,248.66972935232943
170,2023-09-13,241.6262674023205,218.94953385039554,276.2383916097753,241.6262674023205,241.6262674023205,6.403556996552306,6.403556996552306,6.403556996552306,6.403556996552306,6.403556996552306,6.403556996552306,0.0,0.0,0.0,248.02982439887282
171,2023-09-14,241.53559501129018,220.107280228423,275.0488859421926,241.53559501129018,241.53559501129018,5.3893656093051465,5.3893656093051465,5.3893656093051465,5.3893656093051465,5.3893656093051465,5.3893656093051465,0.0,0.0,0.0,246.92496062059533
172,2023-09-15,241.44492262025983,217.02376507745063,273.82094526143095,241.44492262025983,241.44492262025983,5.867530937186944,5.867530937186944,5.867530937186944,5.867530937186944,5.867530937186944,5.867530937186944,0.0,0.0,0.0,247.3124535574468
173,2023-09-18,241.1729054471688,218.08573459177208,274.4451422343371,241.1729054471688,241.1729054471688,4.858815853990191,4.858815853990191,4.858815853990191,4.858815853990191,4.858815853990191,4.858815853990191,0.0,0.0,0.0,246.031721301159
174,2023-09-19,241.08223305613848,220.05513368264417,273.81370454943385,241.08223305613848,241.08223305613848,6.952789558962575,6.952789558962575,6.952789558962575,6.952789558962575,6.952789558962575,6.952789558962575,0.0,0.0,0.0,248.03502261510104
175,2023-09-20,240.99156066510815,218.29574227364427,276.6210448301862,240.99156066510815,240.99156066510815,6.403556996549166,6.403556996549166,6.403556996549166,6.403556996549166,6.403556996549166,6.403556996549166,0.0,0.0,0.0,247.3951176616573
176,2023-09-21,240.90088825293913,218.84903902364206,275.6074607014123,240.90088825293913,240.90088825293913,5.3893656093097375,5.3893656093097375,5.3893656093097375,5.3893656093097375,5.3893656093097375,5.3893656093097375,0.0,0.0,0.0,246.29025386224887
177,2023-09-22,240.8102158407701,218.93040906310364,276.61726350700354,240.8102158407701,240.8102158407701,5.867530937230904,5.867530937230904,5.867530937230904,5.867530937230904,5.867530937230904,5.867530937230904,0.0,0.0,0.0,246.677746778001
178,2023-09-25,240.53819860426304,218.36431085243305,272.1287464574148,240.53819860426304,240.53819860426304,4.858815853989725,4.858815853989725,4.858815853989725,4.858815853989725,4.858815853989725,4.858815853989725,0.0,0.0,0.0,245.39701445825278
179,2023-09-26,240.44752619209405,217.41187607311178,275.4363817214138,240.44752619209405,240.44752619209405,6.952789558967448,6.952789558967448,6.952789558967448,6.952789558967448,6.952789558967448,6.952789558967448,0.0,0.0,0.0,247.4003157510615
180,2023-09-27,240.35685377992502,217.03736427185015,275.1548782104871,240.35685377992502,240.35685377992502,6.403556996553401,6.403556996553401,6.403556996553401,6.403556996553401,6.403556996553401,6.403556996553401,0.0,0.0,0.0,246.7604107764784
181,2023-09-28,240.266181367756,217.31629029875853,275.27798078394017,240.266181367756,240.266181367756,5.389365609314326,5.389365609314326,5.389365609314326,5.389365609314326,5.389365609314326,5.389365609314326,0.0,0.0,0.0,245.65554697707032
182,2023-09-29,240.175508955587,217.10164549312566,276.20680465854423,240.175508955587,240.175508955587,5.867530937205863,5.867530937205863,5.867530937205863,5.867530937205863,5.867530937205863,5.867530937205863,0.0,0.0,0.0,246.04303989279285
183,2023-10-02,239.90349171907994,215.99441814348782,273.01643333287745,239.90349171907994,239.90349171907994,4.858815854005026,4.858815854005026,4.858815854005026,4.858815854005026,4.858815854005026,4.858815854005026,0.0,0.0,0.0,244.76230757308497
184,2023-10-03,239.81281931235972,217.6773682282519,275.2842421164543,239.81281931235972,239.81281931235972,6.952789558972324,6.952789558972324,6.952789558972324,6.952789558972324,6.952789558972324,6.952789558972324,0.0,0.0,0.0,246.76560887133203
185,2023-10-04,239.7221469056395,217.41924369175362,275.0984544066975,239.7221469056395,239.7221469056395,6.403556996550258,6.403556996550258,6.403556996550258,6.403556996550258,6.403556996550258,6.403556996550258,0.0,0.0,0.0,246.12570390218977
186,2023-10-05,239.63147449891935,214.3609717687889,272.94549840147414,239.63147449891935,239.63147449891935,5.389365609318914,5.389365609318914,5.389365609318914,5.389365609318914,5.389365609318914,5.389365609318914,0.0,0.0,0.0,245.02084010823825
187,2023-10-06,239.54080209219913,215.90029127249616,273.7810655476183,239.54080209219913,239.54080209219913,5.867530937204744,5.867530937204744,5.867530937204744,5.867530937204744,5.867530937204744,5.867530937204744,0.0,0.0,0.0,245.40833302940388
188,2023-10-09,239.2687848720385,215.96967379382966,272.11982560847326,239.2687848720385,239.2687848720385,4.858815853955827,4.858815853955827,4.858815853955827,4.858815853955827,4.858815853955827,4.858815853955827,0.0,0.0,0.0,244.12760072599434
189,2023-10-10,239.17811246531832,218.14982745587517,276.9812478387767,239.17811246531832,239.17811246531832,6.952789558956314,6.952789558956314,6.952789558956314,6.952789558956314,6.952789558956314,6.952789558956314,0.0,0.0,0.0,246.13090202427463
190,2023-10-11,239.08744005859813,217.68083999273023,273.8452879224311,239.08744005859813,239.08744005859813,6.403556996553219,6.403556996553219,6.403556996553219,6.403556996553219,6.403556996553219,6.403556996553219,0.0,0.0,0.0,245.49099705515135
191,2023-10-12,238.99676765187792,217.20895315025456,272.5993859490981,238.99676765187792,238.99676765187792,5.38936560931856,5.38936560931856,5.38936560931856,5.38936560931856,5.38936560931856,5.38936560931856,0.0,0.0,0.0,244.38613326119648
192,2023-10-13,238.9060952593926,216.75098509416512,273.8659729712789,238.9060952593926,238.9060952593926,5.867530937248704,5.867530937248704,5.867530937248704,5.867530937248704,5.867530937248704,5.867530937248704,0.0,0.0,0.0,244.77362619664132
193,2023-10-16,238.63407808193662,215.718314467462,273.16345537195343,238.63407808193662,238.63407808193662,4.858815853971127,4.858815853971127,4.858815853971127,4.858815853971127,4.858815853971127,4.858815853971127,0.0,0.0,0.0,243.49289393590774
194,2023-10-17,238.5434056894513,218.15996310221362,274.1282548495133,238.5434056894513,238.5434056894513,6.9527895589611886,6.9527895589611886,6.9527895589611886,6.9527895589611886,6.9527895589611886,6.9527895589611886,0.0,0.0,0.0,245.4961952484125
195,2023-10-18,238.45273329696596,216.23109025179033,274.76508918513673,238.45273329696596,238.45273329696596,6.403556996550076,6.403556996550076,6.403556996550076,6.403556996550076,6.403556996550076,6.403556996550076,0.0,0.0,0.0,244.85629029351603
196,2023-10-19,238.36206090448064,214.38662622367823,273.3925762982418,238.36206090448064,238.36206090448064,5.389365609309019,5.389365609309019,5.389365609309019,5.389365609309019,5.389365609309019,5.389365609309019,0.0,0.0,0.0,243.75142651378965
197,2023-10-20,238.27138851199533,213.9618142988649,273.3268955966521,238.27138851199533,238.27138851199533,5.867530937247587,5.867530937247587,5.867530937247587,5.867530937247587,5.867530937247587,5.867530937247587,0.0,0.0,0.0,244.1389194492429
198,2023-10-23,237.99937133453932,214.2386569484368,272.5356983500826,237.99937133453932,237.99937133453932,4.858815853986427,4.858815853986427,4.858815853986427,4.858815853986427,4.858815853986427,4.858815853986427,0.0,0.0,0.0,242.85818718852573
199,2023-10-24,237.90869894205397,216.4040681724953,275.16404365582946,237.90869894205397,237.90869894205397,6.95278955897319,6.95278955897319,6.95278955897319,6.95278955897319,6.95278955897319,6.95278955897319,0.0,0.0,0.0,244.86148850102717
200,2023-10-25,237.81802697533905,218.012519005315,274.1420730007509,237.81802697533905,237.81802697533905,6.4035569965469366,6.4035569965469366,6.4035569965469366,6.4035569965469366,6.4035569965469366,6.4035569965469366,0.0,0.0,0.0,244.221583971886
201,2023-10-26,237.72735500862416,213.1773120649137,272.4967922212327,237.72735500862416,237.72735500862416,5.389365609308663,5.389365609308663,5.389365609308663,5.389365609308663,5.389365609308663,5.389365609308663,0.0,0.0,0.0,243.11672061793283
202,2023-10-27,237.6366830419092,215.61544913189337,272.3569810857747,237.6366830419092,237.6366830419092,5.867530937234505,5.867530937234505,5.867530937234505,5.867530937234505,5.867530937234505,5.867530937234505,0.0,0.0,0.0,243.5042139791437
203,2023-10-30,237.36466714176444,212.11832212732173,271.8409746175389,237.36466714176444,237.36466714176444,4.858815854001726,4.858815854001726,4.858815854001726,4.858815854001726,4.858815854001726,4.858815854001726,0.0,0.0,0.0,242.22348299576618
204,2023-10-31,237.27399517504955,214.09421102894464,274.70146662099586,237.27399517504955,237.27399517504955,6.952789558978066,6.952789558978066,6.952789558978066,6.952789558978066,6.952789558978066,6.952789558978066,0.0,0.0,0.0,244.2267847340276
205,2023-11-01,237.18332320833463,215.5197174285997,272.252570039222,237.18332320833463,237.18332320833463,6.403556996549893,6.403556996549893,6.403556996549893,6.403556996549893,6.403556996549893,6.403556996549893,0.0,0.0,0.0,243.58688020488452
206,2023-11-02,237.0926512416197,213.73025217962348,271.52255625580165,237.0926512416197,237.0926512416197,5.389365609318197,5.389365609318197,5.389365609318197,5.389365609318197,5.389365609318197,5.389365609318197,0.0,0.0,0.0,242.4820168509379
207,2023-11-03,237.00197927490478,213.87609728514272,271.145659461642,237.00197927490478,237.00197927490478,5.867530937221426,5.867530937221426,5.867530937221426,5.867530937221426,5.867530937221426,5.867530937221426,0.0,0.0,0.0,242.86951021212622
208,2023-11-06,236.72996337476002,211.83268960410967,270.43681961150645,236.72996337476002,236.72996337476002,4.858815854001263,4.858815854001263,4.858815854001263,4.858815854001263,4.858815854001263,4.858815854001263,0.0,0.0,0.0,241.58877922876127
209,2023-11-07,236.63929140804512,216.28030849603948,271.94296157661756,236.63929140804512,236.63929140804512,6.952789558972498,6.952789558972498,6.952789558972498,6.952789558972498,6.952789558972498,6.952789558972498,0.0,0.0,0.0,243.59208096701764
210,2023-11-08,236.5486194413302,213.4821644854294,271.809837215488,236.5486194413302,236.5486194413302,6.403556996546754,6.403556996546754,6.403556996546754,6.403556996546754,6.403556996546754,6.403556996546754,0.0,0.0,0.0,242.95217643787694
211,2023-11-09,236.45794747461528,214.45469688362547,270.02328726275226,236.45794747461528,236.45794747461528,5.3893656092987685,5.3893656092987685,5.3893656092987685,5.3893656092987685,5.3893656092987685,5.3893656092987685,0.0,0.0,0.0,241.84731308391406
212,2023-11-10,236.36727550790036,216.3969706392849,271.29819931998213,236.36727550790036,236.36727550790036,5.867530937208345,5.867530937208345,5.867530937208345,5.867530937208345,5.867530937208345,5.867530937208345,0.0,0.0,0.0,242.23480644510872
213,2023-11-13,236.0952596077556,211.15301314372383,269.6521142923423,236.0952596077556,236.0952596077556,4.858815854032326,4.858815854032326,4.858815854032326,4.858815854032326,4.858815854032326,4.858815854032326,0.0,0.0,0.0,240.9540754617879
214,2023-11-14,236.00458764104067,214.3974815584246,270.3230863478226,236.00458764104067,236.00458764104067,6.9527895589669315,6.9527895589669315,6.9527895589669315,6.9527895589669315,6.9527895589669315,6.9527895589669315,0.0,0.0,0.0,242.9573772000076
215,2023-11-15,235.91391567432578,212.83001296378242,269.2019851913761,235.91391567432578,235.91391567432578,6.403556996550988,6.403556996550988,6.403556996550988,6.403556996550988,6.403556996550988,6.403556996550988,0.0,0.0,0.0,242.31747267087675
216,2023-11-16,235.82324370761083,210.78785863098892,268.8187301084715,235.82324370761083,235.82324370761083,5.389365609303356,5.389365609303356,5.389365609303356,5.389365609303356,5.389365609303356,5.389365609303356,0.0,0.0,0.0,241.21260931691418
217,2023-11-17,235.73257174089593,214.94172600812396,271.61232764062987,235.73257174089593,235.73257174089593,5.867530937207228,5.867530937207228,5.867530937207228,5.867530937207228,5.867530937207228,5.867530937207228,0.0,0.0,0.0,241.60010267810316
218,2023-11-20,235.46055584075117,212.2495765205152,269.46766237060035,235.46055584075117,235.46055584075117,4.858815853967363,4.858815853967363,4.858815853967363,4.858815853967363,4.858815853967363,4.858815853967363,0.0,0.0,0.0,240.31937169471854
219,2023-11-21,235.36988387403625,213.93710414682965,271.24764541107976,235.36988387403625,235.36988387403625,6.952789558961364,6.952789558961364,6.952789558961364,6.952789558961364,6.952789558961364,6.952789558961364,0.0,0.0,0.0,242.32267343299762
220,2023-11-22,235.27921190732133,214.07066336082897,270.02028785926825,235.27921190732133,235.27921190732133,6.403556996550898,6.403556996550898,6.403556996550898,6.403556996550898,6.403556996550898,6.403556996550898,0.0,0.0,0.0,241.68276890387222
221,2023-11-24,235.0978679738915,212.00546013304717,267.04740536538156,235.0978679738915,235.0978679738915,5.867530937182187,5.867530937182187,5.867530937182187,5.867530937182187,5.867530937182187,5.867530937182187,0.0,0.0,0.0,240.9653989110737
222,2023-11-27,234.82585207374674,212.22670965199268,270.7010878214639,234.82585207374674,234.82585207374674,4.858815853982662,4.858815853982662,4.858815853982662,4.858815853982662,4.858815853982662,4.858815853982662,0.0,0.0,0.0,239.6846679277294
223,2023-11-28,234.73518010703182,211.5162722829703,271.38653355547825,234.73518010703182,234.73518010703182,6.9527895589662405,6.9527895589662405,6.9527895589662405,6.9527895589662405,6.9527895589662405,6.9527895589662405,0.0,0.0,0.0,241.68796966599805
224,2023-11-29,234.6445081403169,214.0259397750553,272.2243893526464,234.6445081403169,234.6445081403169,6.403556996550805,6.403556996550805,6.403556996550805,6.403556996550805,6.403556996550805,6.403556996550805,0.0,0.0,0.0,241.0480651368677
225,2023-11-30,234.55383617360198,210.65249418870383,269.7676804513867,234.55383617360198,234.55383617360198,5.3893656093026445,5.3893656093026445,5.3893656093026445,5.3893656093026445,5.3893656093026445,5.3893656093026445,0.0,0.0,0.0,239.94320178290462
226,2023-12-01,234.46316420688706,211.63075078336595,266.75289425692677,234.46316420688706,234.46316420688706,5.867530937238109,5.867530937238109,5.867530937238109,5.867530937238109,5.867530937238109,5.867530937238109,0.0,0.0,0.0,240.33069514412517
227,2023-12-04,234.19114830674232,211.62165042976017,268.7257313392739,234.19114830674232,234.19114830674232,4.858815853982199,4.858815853982199,4.858815853982199,4.858815853982199,4.858815853982199,4.858815853982199,0.0,0.0,0.0,239.04996416072453
228,2023-12-05,234.10047634002737,212.46323178788035,269.5496341845204,234.10047634002737,234.10047634002737,6.952789558950234,6.952789558950234,6.952789558950234,6.952789558950234,6.952789558950234,6.952789558950234,0.0,0.0,0.0,241.0532658989776
229,2023-12-06,234.00980437331248,211.55178113352247,270.032002495832,234.00980437331248,234.00980437331248,6.40355699655504,6.40355699655504,6.40355699655504,6.40355699655504,6.40355699655504,6.40355699655504,0.0,0.0,0.0,240.41336136986752
230,2023-12-07,233.91913240659756,211.0692514518518,266.9583312276682,233.91913240659756,233.91913240659756,5.3893656093121765,5.3893656093121765,5.3893656093121765,5.3893656093121765,5.3893656093121765,5.3893656093121765,0.0,0.0,0.0,239.30849801590972
231,2023-12-08,233.82846043988263,211.59368435087313,269.04499222916525,233.82846043988263,233.82846043988263,5.8675309372250295,5.8675309372250295,5.8675309372250295,5.8675309372250295,5.8675309372250295,5.8675309372250295,0.0,0.0,0.0,239.69599137710767
232,2023-12-11,233.5564445397379,210.25674469404078,266.205251367552,233.5564445397379,233.5564445397379,4.858815853981733,4.858815853981733,4.858815853981733,4.858815853981733,4.858815853981733,4.858815853981733,0.0,0.0,0.0,238.41526039371962
233,2023-12-12,233.46577257302295,211.90998119516786,268.53429140801063,233.46577257302295,233.46577257302295,6.952789558972674,6.952789558972674,6.952789558972674,6.952789558972674,6.952789558972674,6.952789558972674,0.0,0.0,0.0,240.41856213199563
234,2023-12-13,233.37510060630805,211.29571966495718,268.0039131596795,233.37510060630805,233.37510060630805,6.403556996554949,6.403556996554949,6.403556996554949,6.403556996554949,6.403556996554949,6.403556996554949,0.0,0.0,0.0,239.778657602863
235,2023-12-14,233.28442863959313,213.01354263154838,267.68011855587906,233.28442863959313,233.28442863959313,5.389365609311822,5.389365609311822,5.389365609311822,5.389365609311822,5.389365609311822,5.389365609311822,0.0,0.0,0.0,238.67379424890495
236,2023-12-15,233.19375667287818,211.3717037778246,267.59987324993205,233.19375667287818,233.19375667287818,5.86753093722391,5.86753093722391,5.86753093722391,5.86753093722391,5.86753093722391,5.86753093722391,0.0,0.0,0.0,239.06128761010208
237,2023-12-18,232.92174077273344,207.16182021032563,265.4024300337291,232.92174077273344,232.92174077273344,4.858815854012797,4.858815854012797,4.858815854012797,4.858815854012797,4.858815854012797,4.858815854012797,0.0,0.0,0.0,237.78055662674623
238,2023-12-19,232.83106880601852,212.6250353998276,268.67130123105864,232.83106880601852,232.83106880601852,6.952789558956665,6.952789558956665,6.952789558956665,6.952789558956665,6.952789558956665,6.952789558956665,0.0,0.0,0.0,239.78385836497517
239,2023-12-20,232.7403968393036,212.1747187912925,269.4536906044008,232.7403968393036,232.7403968393036,6.403556996551807,6.403556996551807,6.403556996551807,6.403556996551807,6.403556996551807,6.403556996551807,0.0,0.0,0.0,239.1439538358554
240,2023-12-21,232.6497248725887,210.17342630712892,265.46263599612996,232.6497248725887,232.6497248725887,5.3893656093164095,5.3893656093164095,5.3893656093164095,5.3893656093164095,5.3893656093164095,5.3893656093164095,0.0,0.0,0.0,238.0390904819051
241,2023-12-22,232.55905290587376,210.61156791163526,267.9479259526502,232.55905290587376,232.55905290587376,5.867530937222792,5.867530937222792,5.867530937222792,5.867530937222792,5.867530937222792,5.867530937222792,0.0,0.0,0.0,238.42658384309655
242,2023-12-26,232.1963650390141,211.394479982367,267.55592712750575,232.1963650390141,232.1963650390141,6.95278955896154,6.95278955896154,6.95278955896154,6.95278955896154,6.95278955896154,6.95278955896154,0.0,0.0,0.0,239.14915459797564
243,2023-12-27,232.10569307229918,210.49084773271565,267.44404470661544,232.10569307229918,232.10569307229918,6.403556996551717,6.403556996551717,6.403556996551717,6.403556996551717,6.403556996551717,6.403556996551717,0.0,0.0,0.0,238.5092500688509
244,2023-12-28,232.01502110558428,209.7508337665849,266.40783169129725,232.01502110558428,232.01502110558428,5.389365609301928,5.389365609301928,5.389365609301928,5.389365609301928,5.389365609301928,5.389365609301928,0.0,0.0,0.0,237.40438671488621
245,2023-12-29,231.92434913886933,211.45133255928934,267.3221408540022,231.92434913886933,231.92434913886933,5.867530937197752,5.867530937197752,5.867530937197752,5.867530937197752,5.867530937197752,5.867530937197752,0.0,0.0,0.0,237.7918800760671
246,2024-01-02,231.56166127200967,209.76464824199704,268.746936553435,231.56166127200967,231.56166127200967,6.9527895589735405,6.9527895589735405,6.9527895589735405,6.9527895589735405,6.9527895589735405,6.9527895589735405,0.0,0.0,0.0,238.5144508309832
247,2024-01-03,231.47098930529475,209.96879997655202,267.5609460456345,231.47098930529475,231.47098930529475,6.403556996548575,6.403556996548575,6.403556996548575,6.403556996548575,6.403556996548575,6.403556996548575,0.0,0.0,0.0,237.87454630184334
248,2024-01-04,231.3803173385798,210.08762311999809,265.0724121364296,231.3803173385798,231.3803173385798,5.389365609306515,5.389365609306515,5.389365609306515,5.389365609306515,5.389365609306515,5.389365609306515,0.0,0.0,0.0,236.7696829478863
249,2024-01-05,231.2896453718649,208.68566367369175,264.4345318434007,231.2896453718649,231.2896453718649,5.867530937229748,5.867530937229748,5.867530937229748,5.867530937229748,5.867530937229748,5.867530937229748,0.0,0.0,0.0,237.15717630909467
250,2024-01-06,231.19897340515,186.54559883291654,242.01504736422666,231.19897340515,231.19897340515,-14.73602643926885,-14.73602643926885,-14.73602643926885,-14.73602643926885,-14.73602643926885,-14.73602643926885,0.0,0.0,0.0,216.46294696588117
251,2024-01-07,231.1083014384351,186.79278549536178,247.19472466371056,231.1083014384351,231.1083014384351,-14.736032516785093,-14.736032516785093,-14.736032516785093,-14.736032516785093,-14.736032516785093,-14.736032516785093,0.0,0.0,0.0,216.37226892165
252,2024-01-08,231.01762947172014,206.7018924582413,264.5703065011605,231.01762947172014,231.01762947172014,4.8588158539784345,4.8588158539784345,4.8588158539784345,4.8588158539784345,4.8588158539784345,4.8588158539784345,0.0,0.0,0.0,235.87644532569857
253,2024-01-09,230.92695750500525,210.67209300865935,267.4866968579017,230.91750683173575,230.94681345755325,6.952789558967974,6.952789558967974,6.952789558967974,6.952789558967974,6.952789558967974,6.952789558967974,0.0,0.0,0.0,237.8797470639732
254,2024-01-10,230.83628553829033,209.51939044448685,265.28886019084916,230.8135901741732,230.88371213792917,6.403556996551533,6.403556996551533,6.403556996551533,6.403556996551533,6.403556996551533,6.403556996551533,0.0,0.0,0.0,237.23984253484187
255,2024-01-11,230.74561357157538,208.27151496536626,264.4475353400531,230.69868213406886,230.82035444679028,5.389365609306157,5.389365609306157,5.389365609306157,5.389365609306157,5.389365609306157,5.389365609306157,0.0,0.0,0.0,236.13497918088154
256,2024-01-12,230.65494160486048,206.95570310591054,265.20728751337856,230.58312797951282,230.76192848230136,5.867530937228631,5.867530937228631,5.867530937228631,5.867530937228631,5.867530937228631,5.867530937228631,0.0,0.0,0.0,236.5224725420891
257,2024-01-13,230.56426963814556,188.89476383614337,245.75754503771194,230.45637231989565,230.70883286855792,-14.736026439216612,-14.736026439216612,-14.736026439216612,-14.736026439216612,-14.736026439216612,-14.736026439216612,0.0,0.0,0.0,215.82824319892896
258,2024-01-14,230.47359767143067,185.62809589608602,246.44309771743534,230.3220299689573,230.6567149431573,-14.736032516761309,-14.736032516761309,-14.736032516761309,-14.736032516761309,-14.736032516761309,-14.736032516761309,0.0,0.0,0.0,215.73756515466937
259,2024-01-15,230.38292570471572,204.90049377295747,263.14907587343924,230.19393296001394,230.61035975397002,4.858815853993734,4.858815853993734,4.858815853993734,4.858815853993734,4.858815853993734,4.858815853993734,0.0,0.0,0.0,235.24174155870946
260,2024-01-16,230.29225373800082,208.2502240712923,265.51348720692016,230.07852513633011,230.55561637681058,6.952789558962409,6.952789558962409,6.952789558962409,6.952789558962409,6.952789558962409,6.952789558962409,0.0,0.0,0.0,237.24504329696325
261,2024-01-17,230.2015817712859,209.137945873631,265.70067943469627,229.9551763736755,230.5132134803866,6.403556996548393,6.403556996548393,6.403556996548393,6.403556996548393,6.403556996548393,6.403556996548393,0.0,0.0,0.0,236.6051387678343
262,2024-01-18,230.11090980457095,209.07909933628235,263.68056053574395,229.81610533977988,230.48449364976878,5.389365609310747,5.389365609310747,5.389365609310747,5.389365609310747,5.389365609310747,5.389365609310747,0.0,0.0,0.0,235.5002754138817
263,2024-01-19,230.02023783785606,209.35224894265397,265.680287151585,229.66095734076526,230.4427029372935,5.867530937227514,5.867530937227514,5.867530937227514,5.867530937227514,5.867530937227514,5.867530937227514,0.0,0.0,0.0,235.88776877508357
264,2024-01-20,229.92956587114114,187.18510179138568,242.4215304289653,229.51315992051818,230.4018774981104,-14.736026439223583,-14.736026439223583,-14.736026439223583,-14.736026439223583,-14.736026439223583,-14.736026439223583,0.0,0.0,0.0,215.19353943191754
265,2024-01-21,229.83889390442621,185.15397691099048,241.9569729681881,229.36796169796736,230.3730048575766,-14.736032516773458,-14.736032516773458,-14.736032516773458,-14.736032516773458,-14.736032516773458,-14.736032516773458,0.0,0.0,0.0,215.10286138765275
266,2024-01-22,229.7482219377113,206.83664017250564,263.79419459733475,229.2392432491202,230.33873376713606,4.858815854009034,4.858815854009034,4.858815854009034,4.858815854009034,4.858815854009034,4.858815854009034,0.0,0.0,0.0,234.60703779172033
267,2024-01-23,229.6575499709964,206.7680767359408,264.2961652450269,229.07362890454368,230.31354871894885,6.952789558967283,6.952789558967283,6.952789558967283,6.952789558967283,6.952789558967283,6.952789558967283,0.0,0.0,0.0,236.61033952996368
268,2024-01-24,229.56687800428145,208.41941974840358,264.49313930015256,228.94411372383914,230.27833762278743,6.403556996552628,6.403556996552628,6.403556996552628,6.403556996552628,6.403556996552628,6.403556996552628,0.0,0.0,0.0,235.97043500083407
269,2024-01-25,229.47620603756653,203.37720977934305,264.1365934570139,228.77961486443536,230.25796565125927,5.38936560931039,5.38936560931039,5.38936560931039,5.38936560931039,5.38936560931039,5.38936560931039,0.0,0.0,0.0,234.86557164687693
270,2024-01-26,229.38553407085163,206.6900763895142,264.51711164217573,228.63213539572575,230.26134371440907,5.867530937214431,5.867530937214431,5.867530937214431,5.867530937214431,5.867530937214431,5.867530937214431,0.0,0.0,0.0,235.25306500806607
271,2024-01-27,229.2948621041367,187.08877544174396,244.299005626296,228.47537671889856,230.24940380684268,-14.73602643923055,-14.73602643923055,-14.73602643923055,-14.73602643923055,-14.73602643923055,-14.73602643923055,0.0,0.0,0.0,214.55883566490616
272,2024-01-28,229.20419013742176,184.566819947166,243.0238609521781,228.29662539289205,230.26243803101016,-14.73603251674967,-14.73603251674967,-14.73603251674967,-14.73603251674967,-14.73603251674967,-14.73603251674967,0.0,0.0,0.0,214.4681576206721
273,2024-01-29,229.11351817070687,206.1207815228527,262.1932806480808,228.14373007653197,230.21404686182348,4.858815853959836,4.858815853959836,4.858815853959836,4.858815853959836,4.858815853959836,4.858815853959836,0.0,0.0,0.0,233.9723340246667
274,2024-01-30,229.02284620399195,208.16518490411693,263.6145669048881,227.98252235752713,230.26027504750388,6.952789558972156,6.952789558972156,6.952789558972156,6.952789558972156,6.952789558972156,6.952789558972156,0.0,0.0,0.0,235.9756357629641
275,2024-01-31,228.93217423727702,206.0271131744271,263.08459622993064,227.81246503887778,230.26779256564896,6.4035569965525365,6.4035569965525365,6.4035569965525365,6.4035569965525365,6.4035569965525365,6.4035569965525365,0.0,0.0,0.0,235.33573123382956
276,2024-02-01,228.8415022705621,205.42946278037437,264.37322822210496,227.66442517539352,230.26938462854505,5.389365609305799,5.389365609305799,5.389365609305799,5.389365609305799,5.389365609305799,5.389365609305799,0.0,0.0,0.0,234.2308678798679
277,2024-02-02,228.7508303038472,205.69144224128098,265.0090318354016,227.50200246518352,230.29412839769086,5.867530937201353,5.867530937201353,5.867530937201353,5.867530937201353,5.867530937201353,5.867530937201353,0.0,0.0,0.0,234.61836124104858
278,2024-02-03,228.66015833713226,184.65321390220063,240.6657567635015,227.30713663255997,230.31480467202957,-14.736026439254129,-14.736026439254129,-14.736026439254129,-14.736026439254129,-14.736026439254129,-14.736026439254129,0.0,0.0,0.0,213.92413189787814
279,2024-02-04,228.56948637041734,184.43422113525236,243.2691252466292,227.12662378558792,230.321722113699,-14.736032516798423,-14.736032516798423,-14.736032516798423,-14.736032516798423,-14.736032516798423,-14.736032516798423,0.0,0.0,0.0,213.83345385361892
